"varu-/tjänstegrupp","2005","2006","2007","2008","2009","2010","2011","2012","2013","2014","2015","2016","2017","2018","2019"
"1113  vetebröd",98.64,101.07,102.93,107.97,102.11,100.40,103.33,101.74,100.73,99.60,99.51,100.47,100.66,102.28,104.62
"1114  wienerbröd",101.15,101.15,103.71,107.52,102.72,101.43,103.18,100.56,96.65,98.80,105.16,100.23,92.52,102.13,106.42
"1116  småkakor",100.75,100.29,98.29,104.15,100.20,99.62,101.31,102.47,103.54,102.06,102.92,98.84,100.87,100.72,102.40
"1122  hårt bröd",99.42,95.97,104.04,110.13,100.19,99.02,100.86,100.19,101.77,99.71,101.73,100.07,98.99,100.30,105.23
"1125  ris",94.89,100.81,103.06,110.56,107.33,96.89,102.78,97.58,102.44,101.75,100.79,100.86,100.07,101.45,104.52
"1127  pasta",100.25,100.08,101.70,122.12,103.64,100.38,100.82,100.79,98.89,98.44,102.13,100.85,99.91,100.35,103.29
"1130  spannmålsbaserade maträtter",95.45,95.95,100.65,106.55,101.38,99.26,99.82,99.67,98.88,100.22,100.84,100.19,101.32,100.92,102.46
"1131  kex och skorpor",99.06,98.69,101.35,106.85,102.17,100.14,104.07,103.19,100.78,101.33,101.01,99.55,99.19,100.79,103.00
"1132  vällingpulver och mixer",96.89,97.33,103.55,103.10,98.54,101.35,102.22,99.98,102.01,100.50,98.79,101.63,110.37,98.66,105.04
"1136  mjöl",97.62,99.44,111.10,121.48,97.04,96.10,115.23,98.77,104.61,97.57,101.76,106.57,99.20,99.28,109.26
"1137  gryn",98.21,99.32,104.34,108.36,101.01,99.76,102.59,103.13,100.54,98.56,96.60,100.53,99.82,101.10,111.11
"1141  grovt bröd",101.64,100.33,105.07,107.09,101.71,100.56,105.86,102.77,99.42,99.51,100.69,99.87,99.69,102.57,105.38
"1142  franska",98.99,100.84,106.51,115.94,104.16,104.40,105.86,100.83,99.00,99.60,99.87,100.04,100.86,101.35,105.13
"1143  bakverk",98.96,98.56,102.04,107.87,102.06,99.36,100.94,100.39,100.64,100.83,100.95,99.64,98.85,100.91,102.20
"1146  frukostflingor",..,..,..,..,..,..,..,..,..,..,103.51,105.10,100.34,99.76,102.01
"1229  nötkött",105.57,106.23,102.28,115.05,102.02,101.31,102.65,104.85,104.36,99.25,100.93,103.93,101.59,102.72,99.79
"1230  griskött",101.28,103.70,101.35,106.27,104.39,99.06,100.68,102.80,103.10,99.15,99.69,101.75,101.56,101.43,100.63
"1232  oblandad chark",99.17,101.48,101.21,104.17,104.99,100.98,98.10,100.31,102.29,98.61,101.13,99.66,101.12,101.55,102.29
"1233  blandad chark",99.67,100.00,100.30,103.85,102.78,99.60,99.19,101.55,103.35,100.15,100.80,100.19,100.12,101.23,103.32
"1235  köttkonserver",96.89,98.51,102.48,102.69,100.92,99.94,96.75,102.47,103.87,100.11,97.71,101.30,100.33,102.20,106.82
"1238  annat kött",102.32,99.02,102.32,97.80,105.93,102.06,102.09,107.32,104.09,101.46,98.10,104.00,103.14,102.19,102.44
"1240  fjäderfän",98.60,99.40,99.12,109.93,101.35,100.23,100.83,100.95,103.10,96.79,104.91,100.80,99.08,101.43,104.63
"1245  djupfryst berett kött",98.32,100.02,101.76,106.40,104.64,100.85,100.94,100.64,104.22,103.04,101.31,100.58,102.18,102.10,104.93
"1251  lammkött",..,..,..,..,..,..,..,..,..,..,98.10,107.09,108.23,103.51,102.38
"1314  torskfilé",109.96,112.41,115.12,117.05,88.14,96.28,92.34,102.76,92.86,98.98,107.04,103.00,103.18,103.70,115.31
"1315  djupfryst fisk",97.66,100.77,102.93,104.07,106.58,101.52,98.35,100.46,97.62,95.36,100.28,104.36,115.01,102.92,105.88
"1316  djupfrysta skaldjur",104.46,99.86,100.25,102.56,111.83,101.86,104.57,109.12,99.80,101.91,105.01,101.78,94.29,101.50,101.62
"1318  sillkonserver",97.02,98.85,99.60,103.74,107.07,100.94,100.65,107.45,124.20,85.90,106.31,101.30,102.37,104.78,97.27
"1319  kaviar",97.73,99.29,97.95,99.85,102.07,103.35,98.91,100.12,99.05,97.65,100.41,99.23,97.26,104.96,105.11
"1323  gravad/rökt laxfisk",98.36,108.48,110.37,102.06,101.55,105.76,99.06,97.64,109.92,98.93,112.72,107.08,96.98,99.27,103.25
"1324  fisk- och skaldjursprodukter",98.97,99.68,103.15,104.85,104.18,99.28,96.79,103.06,100.47,101.49,108.83,100.27,100.82,101.80,109.50
"1325  färsk lax",121.22,125.98,96.43,105.34,102.32,98.20,88.57,84.98,123.95,112.78,99.92,120.94,112.05,102.45,103.02
"1410  ägg",97.97,102.28,102.45,112.63,104.04,102.28,101.82,101.43,102.38,99.45,101.69,97.68,102.90,101.74,103.86
"1412  mjölk",100.25,100.33,101.06,108.43,102.24,101.97,105.26,101.22,106.39,105.19,99.59,99.38,104.35,103.47,100.04
"1413  filmjölk och yoghurt",98.77,100.29,100.59,107.26,100.39,101.01,103.74,102.26,102.70,101.87,100.56,100.09,102.27,102.08,100.83
"1414  grädde",100.25,100.25,100.04,104.86,101.90,101.29,104.09,102.25,107.99,100.68,102.58,101.18,106.67,107.58,104.18
"1417  gräddfil, creme fraiche",100.39,99.35,100.81,103.69,99.94,100.71,103.65,101.99,104.79,102.13,99.91,101.18,106.22,106.36,102.55
"1418  hårdost",99.01,99.88,102.34,116.02,100.18,100.60,103.75,100.62,103.87,102.43,97.08,99.91,104.42,101.69,101.83
"1419  dessertost, mjukost m.m.",97.41,98.83,101.68,108.32,102.94,102.23,103.57,101.96,102.35,101.52,99.90,99.90,100.53,102.99,100.74
"1421  mjölkliknande dryck",..,..,..,..,..,..,..,..,..,..,99.64,98.88,99.50,100.67,102.86
"1504  annat smörgåsfett",97.31,99.04,102.24,121.46,99.87,101.26,102.68,102.69,104.43,102.16,99.23,99.76,115.78,113.75,105.87
"1506  smör",98.85,99.05,98.24,106.73,99.84,102.34,104.90,103.76,107.81,101.11,98.43,98.96,121.89,116.79,103.02
"1508  mat-, stek- och grilloljor",95.95,105.26,100.90,99.61,98.19,99.10,94.35,97.28,99.88,100.32,107.55,100.57,102.58,101.26,100.83
"1509  hushållsmargarin",96.83,100.23,101.70,109.70,101.13,98.88,104.54,99.27,102.45,99.09,102.97,99.60,98.68,104.65,102.24
"1510  lättmargarin",99.60,98.99,101.45,109.66,102.57,98.87,104.47,102.18,107.58,99.29,103.58,100.33,103.60,101.26,97.79
"1611  potatis, paketerad",92.56,107.64,115.59,110.52,98.86,103.11,105.68,97.47,104.42,103.52,107.09,96.12,103.49,108.11,109.55
"1612  morötter",98.35,100.45,101.31,105.70,97.57,99.10,98.52,104.58,103.66,94.96,109.47,106.79,107.49,125.92,120.15
"1613  vitkål",105.46,130.48,102.59,128.09,80.10,124.12,118.20,86.37,104.91,115.85,111.10,103.45,94.12,111.87,131.59
"1614  gul lök",85.24,107.36,134.14,82.22,94.86,132.34,97.44,93.28,103.87,112.11,100.92,106.83,100.86,98.61,125.60
"1615  tomater",109.65,95.45,100.50,99.85,103.28,107.11,83.72,105.72,93.85,104.74,108.55,98.33,109.71,103.63,115.24
"1616  slanggurka",110.93,106.51,95.31,104.87,121.03,92.89,88.12,107.49,107.82,108.28,113.41,108.26,100.15,103.41,102.66
"1617  päron",94.57,113.96,97.82,125.38,107.82,85.18,94.46,101.79,132.38,76.82,110.94,97.93,110.30,115.22,96.59
"1618  äpplen",92.75,112.09,107.81,114.07,95.09,99.12,104.55,106.48,112.29,92.58,101.71,101.49,107.41,119.60,93.00
"1619  apelsiner",96.05,106.45,111.41,110.52,101.25,97.51,89.82,102.94,100.35,104.59,106.96,107.82,120.45,113.02,86.79
"1620  bananer",117.26,99.04,97.18,105.12,110.63,100.51,100.79,99.97,103.90,97.24,108.02,102.20,99.74,96.87,101.97
"1621  sallad",108.51,103.61,99.91,105.73,94.17,111.35,90.52,105.88,97.63,98.91,107.97,98.58,105.28,99.08,104.34
"1622  vindruvor",101.38,99.55,110.00,104.84,105.91,92.46,98.62,98.58,100.14,109.73,102.41,93.13,96.09,95.10,101.79
"1623  juice och nektar",98.00,100.58,102.98,106.55,101.32,101.42,104.89,101.52,101.48,100.19,101.76,102.43,103.70,105.54,101.76
"1625  grönsakskonserver",91.54,97.48,104.29,107.38,107.82,100.36,97.41,100.03,101.07,102.07,102.47,98.79,99.04,99.48,101.35
"1626  potatisprodukter",97.94,98.41,101.36,103.13,102.39,99.92,99.34,98.94,100.70,100.43,101.23,100.93,99.74,102.00,108.42
"1628  salladskål",104.44,113.06,100.09,102.93,96.53,117.21,89.63,100.14,110.60,95.71,108.44,99.44,113.78,109.92,116.33
"1631  avocado",99.46,100.09,97.23,110.78,104.36,93.18,108.59,97.71,100.85,110.51,119.88,112.77,108.83,98.38,113.34
"1632  kiwi",89.74,126.86,106.47,108.71,98.22,95.73,92.81,91.79,117.81,125.39,105.14,103.68,120.50,108.92,92.70
"1635  djupfryst frukt och bär",96.47,98.21,108.44,116.36,121.50,101.46,94.83,95.80,94.66,99.59,102.25,100.53,98.23,99.76,100.83
"1636  djupfrysta grönsaker",99.91,97.98,102.91,104.36,104.69,99.37,98.27,101.47,100.83,99.32,97.46,99.90,100.62,101.35,105.98
"1641  nötter och torkad frukt",104.70,109.25,99.16,104.28,108.68,102.91,106.40,106.56,100.36,101.41,113.02,102.90,98.29,101.16,101.94
"1642  frukt- och bärprodukter",100.94,100.14,101.82,104.00,114.17,101.40,98.00,108.52,104.15,101.84,105.65,100.91,101.98,102.60,104.14
"1643  ärter och bönor",97.77,95.67,98.61,109.35,108.06,100.95,105.48,100.05,100.08,99.07,102.11,108.23,104.29,100.31,104.54
"1646  sylt och marmelad",96.48,98.72,101.25,113.47,103.85,101.20,108.15,106.08,98.97,99.68,99.70,100.36,99.23,105.99,112.39
"1650  saft m.m.",97.99,98.41,101.30,103.96,104.96,100.29,100.49,103.02,100.61,99.57,99.34,99.88,99.67,102.00,99.88
"1654  blomkål",121.19,109.89,102.19,101.57,117.20,94.24,93.89,102.47,100.45,94.59,107.19,114.03,87.93,103.97,112.04
"1655  purjolök",106.07,123.13,76.10,109.54,114.76,103.91,79.98,112.09,106.37,73.30,123.61,112.29,96.31,106.23,125.74
"1656  färska champinjoner",95.64,100.34,99.07,109.61,101.24,96.36,96.88,105.61,101.17,102.58,95.41,102.45,99.22,103.18,100.52
"1657  småcitrus",95.77,106.21,95.81,111.66,114.20,96.61,96.95,106.57,106.60,92.55,112.51,101.72,108.48,124.78,82.70
"1659  citroner",107.35,88.07,120.25,144.99,74.81,129.23,80.02,109.49,113.81,112.33,99.91,124.65,92.24,112.62,93.70
"1664  honungsmelon",108.72,110.44,106.97,105.55,114.22,93.11,105.49,103.91,107.30,106.33,101.75,99.09,97.00,100.91,100.15
"1665  potatis, lös vikt",84.07,109.58,115.60,114.72,91.14,102.26,100.32,90.93,120.33,98.84,109.55,105.16,100.75,107.33,109.51
"1667  paprika",85.50,96.65,113.10,97.53,90.50,109.55,85.45,110.16,107.99,88.17,117.43,105.88,102.26,110.37,101.38
"1669  potatis, kravmärkt",96.34,105.30,103.56,115.98,106.86,101.20,105.30,96.00,112.29,102.76,107.81,107.82,91.75,97.61,112.18
"1670  morötter, kravmärkta",98.79,110.29,101.07,112.65,105.16,90.54,102.59,104.03,106.76,97.15,112.21,104.78,98.91,112.64,99.64
"1671  färska kryddor",..,..,..,..,..,111.35,92.38,100.04,101.14,100.76,105.90,97.15,100.15,100.65,101.26
"1672  färska bär",..,..,..,..,..,..,..,..,..,..,..,83.76,101.64,105.90,91.08
"1673  chips",..,..,..,..,..,..,..,..,..,..,106.54,100.26,101.02,101.00,102.87
"1706  kaffe",98.78,102.52,101.80,105.88,109.81,105.32,125.23,97.78,93.29,100.37,112.46,93.46,111.32,96.71,99.96
"1708  te",96.18,96.63,102.14,103.30,107.16,104.36,96.68,99.81,98.06,99.35,102.62,103.26,103.00,98.95,101.18
"1710  kakao och chokladdrycker",96.38,98.49,97.95,97.83,101.59,100.85,101.77,102.79,101.48,98.16,97.88,100.22,101.46,97.76,98.45
"1802  salt",89.95,97.67,104.98,103.58,103.34,105.43,103.61,101.68,102.09,100.44,101.45,101.56,97.11,99.01,100.81
"1815  socker",98.02,100.20,100.74,101.00,103.39,98.74,99.53,105.34,100.84,102.30,96.10,98.30,99.31,102.43,102.46
"1819  glass",98.52,98.81,101.07,106.01,101.71,101.32,99.68,100.56,97.97,98.55,98.52,101.42,104.75,101.81,101.80
"1823  choklad",96.72,98.57,100.64,102.51,105.45,102.96,100.96,100.30,102.12,98.73,103.03,101.82,98.76,99.52,102.47
"1824  konfektyr",98.68,99.14,103.15,102.27,103.69,103.28,99.67,101.94,99.50,99.61,101.31,100.82,100.80,101.07,101.50
"1827  kryddor och såser",97.14,98.32,100.87,103.05,106.51,102.53,99.38,101.20,100.66,99.96,102.57,101.18,101.01,102.74,101.62
"1838  honung",97.78,96.56,99.74,101.47,111.55,105.84,96.07,100.97,105.05,101.93,102.67,107.24,111.14,100.61,103.09
"1839  sirap",95.83,98.51,99.41,99.30,102.99,101.85,98.08,101.27,103.01,103.55,99.94,100.39,99.77,99.53,99.76
"1841  jäst, soppor, barnmat m.m.",99.09,99.21,100.86,104.69,102.97,100.46,102.75,102.49,100.00,99.88,100.38,99.90,100.38,100.31,101.71
"1905  öl, 0-2,7 %",100.75,98.75,101.22,105.02,105.51,102.05,103.22,100.48,99.17,100.23,101.39,97.16,101.36,99.76,104.86
"1906  mineralvatten",99.27,99.18,101.24,105.75,98.88,99.63,101.64,102.93,100.46,99.51,101.09,100.62,102.36,100.55,102.22
"1907  läsk",99.54,99.56,99.84,100.72,102.00,102.29,102.37,102.28,103.23,102.93,102.20,100.93,99.60,101.34,104.47
"1908  cider",95.44,98.08,101.69,106.34,108.46,103.85,103.97,103.34,98.38,99.09,100.08,98.96,100.51,109.75,119.59
"2104  öl, 2,8-3,5 %",98.42,100.66,99.61,107.23,100.99,100.78,99.99,102.11,99.92,101.97,103.62,99.96,102.26,100.59,102.89
"2203  öl, > 3,5 %",98.19,98.73,99.65,108.01,103.29,101.90,100.60,100.42,100.07,102.50,103.63,100.45,100.67,100.11,101.13
"2208  brännvin",100.33,99.52,99.26,100.43,101.56,100.66,100.19,99.74,100.00,101.04,100.97,100.31,102.05,100.33,100.91
"2209  whisky",99.40,99.39,99.69,100.74,100.86,101.00,100.27,100.30,100.30,101.13,101.18,100.32,101.29,100.38,100.80
"2210  likörer",100.94,100.45,99.89,101.13,101.91,101.66,100.31,100.36,100.64,101.02,101.02,100.73,101.97,100.49,100.57
"2211  övriga spritdrycker",100.13,100.25,99.76,101.13,101.45,100.85,100.29,100.35,100.70,101.30,100.54,100.40,101.87,100.90,101.24
"2212  röda viner",101.03,99.58,99.93,101.20,101.77,101.43,100.00,100.36,100.65,101.62,103.17,100.79,102.87,101.75,101.67
"2213  vita viner",101.09,100.34,100.22,101.15,101.82,101.11,100.25,100.84,101.33,103.08,103.93,100.78,103.58,101.84,101.90
"2214  mousserande vin",102.14,99.92,99.85,102.75,103.66,101.99,99.85,101.37,102.40,102.88,103.25,101.84,103.71,102.46,102.57
"2215  övriga viner",101.75,100.19,100.02,101.08,100.73,100.65,102.36,101.13,100.84,102.97,104.47,100.78,102.89,101.39,102.88
"2217  stark cider",98.05,99.90,101.40,101.46,100.91,100.62,100.21,101.10,101.53,102.82,102.59,100.31,93.83,100.22,101.82
"2218  blanddrycker",95.99,100.77,100.08,100.82,102.08,102.15,100.35,100.81,98.44,99.43,101.23,99.66,97.36,100.90,101.06
"2310  cigaretter",102.28,104.67,111.04,106.19,103.05,101.49,102.26,107.95,103.44,102.25,106.19,102.77,101.81,101.81,102.20
"2311  andra tobaksprodukter",101.66,102.39,123.31,123.80,103.51,104.74,102.83,115.20,100.58,98.02,103.10,101.72,101.27,102.13,102.08
"3101  damunderkläder",100.81,100.16,102.21,104.43,107.44,103.91,101.13,101.64,101.46,103.12,99.02,100.49,103.70,103.60,98.65
"3108  damlångbyxor",106.44,95.67,106.54,98.71,99.53,108.48,108.45,104.82,98.92,100.61,101.33,103.16,103.02,100.95,98.73
"3110  damkjol",98.63,102.50,104.79,88.84,102.49,99.28,101.16,96.76,105.84,105.13,99.29,105.53,102.69,100.17,99.31
"3111  klänning",108.58,108.36,96.15,103.22,95.57,101.81,110.24,99.89,99.22,104.42,101.47,102.26,97.97,102.47,101.27
"3114  damkappa",100.04,116.42,116.17,96.71,84.44,96.47,98.34,94.32,107.82,111.86,108.34,107.87,101.76,99.14,101.31
"3117  nattlinne",98.00,116.28,110.30,101.45,102.21,94.66,109.98,95.17,99.40,105.75,101.53,107.63,102.52,102.89,101.79
"3118  damjumper",96.56,98.27,100.40,95.82,96.24,106.64,101.52,100.98,103.20,97.87,102.55,101.77,102.20,100.70,99.58
"3120  damjacka",104.68,99.90,101.00,94.25,100.28,102.52,104.23,92.27,100.63,93.13,104.04,103.09,93.47,94.51,100.27
"3122  damkavaj",..,..,..,88.84,102.40,108.21,88.24,96.07,102.95,107.56,104.16,94.80,96.57,91.72,99.68
"3123  damblus",99.92,97.45,97.97,96.54,90.23,113.73,103.04,96.57,97.82,103.12,105.04,102.62,103.06,96.08,100.53
"3202  handskar",95.19,108.34,101.56,100.68,108.15,103.35,107.35,98.98,98.45,102.00,99.15,104.45,93.25,99.34,99.32
"3205  herrunderkläder",98.19,106.45,104.89,102.53,100.80,102.82,101.28,102.47,101.89,102.21,103.57,103.52,98.61,103.91,99.80
"3206  herrjacka",94.25,108.26,95.50,101.36,101.59,103.36,107.74,94.66,101.05,98.08,103.24,102.65,91.90,93.88,99.70
"3207  herrpullover",102.85,111.77,105.09,100.78,94.68,97.26,102.24,100.13,101.78,104.20,97.07,100.94,98.82,100.68,101.49
"3210  herrbyxor",104.40,102.02,101.21,95.52,106.48,102.74,99.68,103.51,103.87,101.16,101.50,103.63,97.99,98.31,96.68
"3212  herrkavaj",106.61,96.08,107.71,97.77,108.86,106.69,97.17,96.29,103.20,106.17,103.54,106.04,96.91,99.65,95.02
"3214  överrock",99.24,101.69,113.18,100.40,98.13,107.56,107.98,97.92,96.11,106.24,105.10,109.58,91.62,100.69,98.89
"3217  jeans",106.58,98.33,100.44,96.57,101.35,103.83,97.59,96.06,100.05,101.91,99.52,104.31,102.58,99.00,99.41
"3218  skjorta",96.80,89.28,102.72,96.35,103.97,96.71,96.07,99.61,97.70,99.76,104.98,103.65,99.14,99.89,96.48
"3219  herrskinnjacka",98.92,106.09,100.11,96.31,108.25,100.34,99.35,97.39,76.19,104.09,103.27,106.57,89.77,93.46,94.20
"3304  barnlångbyxor",101.81,102.14,98.72,102.14,105.36,100.63,106.03,102.25,96.49,98.02,97.02,111.27,102.20,95.24,102.48
"3306  barntröja",92.20,97.90,96.34,103.43,111.66,100.11,101.52,99.33,102.41,100.98,99.69,106.06,101.24,102.74,97.60
"3307  sparkbyxa",99.76,97.30,105.33,100.33,103.16,98.69,103.46,109.72,99.83,96.96,99.23,104.90,104.63,96.96,100.45
"3403  garn",88.60,96.54,96.18,102.32,98.12,86.26,96.33,102.70,103.71,103.19,106.73,103.67,93.79,101.63,100.87
"3406  tyg",104.13,101.04,119.70,101.09,91.85,83.63,95.70,97.99,102.13,100.05,97.95,108.83,104.54,96.53,90.56
"3502  sportkläder",101.94,97.05,101.34,106.32,103.18,98.84,94.02,102.14,98.31,94.04,98.87,106.38,101.06,100.78,96.56
"3602  kemtvätt",101.05,101.43,102.55,105.39,102.48,101.68,105.59,106.09,102.65,102.17,101.52,98.77,99.49,101.93,104.31
"3701  herrsko, grövre",92.50,115.45,100.15,93.74,101.10,115.22,102.27,106.15,103.50,98.15,107.62,101.42,100.05,102.43,97.57
"3704  träskor",89.86,102.09,104.62,95.49,98.21,102.60,103.96,98.58,99.81,93.22,89.17,95.48,100.31,107.53,98.69
"3707  damstövlar",97.56,103.80,103.29,97.20,102.16,94.95,105.62,95.55,102.20,102.05,100.54,102.90,99.11,93.82,97.15
"3708  barnskor",96.87,102.72,107.55,100.34,115.34,91.16,104.79,113.39,95.45,96.41,110.08,108.98,98.45,105.94,97.24
"3710  gummistövlar",105.88,98.29,103.95,103.41,95.15,99.67,108.45,104.57,108.77,101.28,104.49,100.27,102.96,104.26,91.42
"3717  damkängor",89.58,107.58,103.53,98.42,106.32,98.76,100.62,93.92,101.38,99.27,100.86,102.89,100.64,99.16,93.30
"3719  herrkängor",98.97,116.11,99.82,87.69,113.18,104.38,105.26,96.90,99.83,106.45,102.77,102.26,100.41,95.30,102.32
"3720  barnkängor",99.09,115.14,104.64,101.92,100.18,112.41,114.65,104.13,100.98,95.55,109.80,106.89,94.93,96.71,99.34
"3722  herrlågskor",96.87,108.47,103.82,103.42,106.26,101.25,101.69,95.31,105.90,102.29,104.26,105.36,100.56,100.10,100.90
"3723  damskor",93.62,103.73,100.70,99.68,100.28,94.94,103.63,97.61,98.68,105.74,98.37,102.75,96.56,99.84,100.28
"3724  sportskor",99.65,100.24,103.12,98.73,104.40,106.93,99.77,100.61,98.42,98.18,101.98,99.23,99.22,100.21,97.10
"4103  grundhyra, hyreslägenhet",102.43,100.88,101.60,102.51,103.22,101.64,102.33,102.59,102.24,101.73,101.47,100.86,100.84,101.02,101.75
"4403  sotning",..,..,..,..,..,..,..,..,..,100.98,101.12,101.91,101.96,101.13,101.93
"4404  renhållning",..,..,..,..,..,..,..,..,..,103.44,100.31,101.83,101.99,101.36,102.95
"4405  vatten och avlopp",..,..,..,..,..,..,..,..,..,102.77,102.41,101.91,102.64,103.59,103.39
"4501  hushållsgas, hyres- och bostadsrättslägenhet",102.72,102.82,104.26,103.69,126.53,104.94,105.02,135.13,107.89,100.46,100.34,100.21,100.53,101.40,101.66
"4502  elström, hyres- och bostadsrättslägenhet",98.68,112.83,98.01,111.19,102.66,106.22,102.35,95.76,99.97,97.33,96.47,103.92,105.17,111.41,103.40
"4601  räntekostnader, egnahem",91.79,103.57,119.79,119.89,65.01,98.13,141.16,106.22,89.20,92.55,82.23,93.72,101.95,100.61,106.97
"4602  avskrivningar",101.47,104.24,104.28,103.67,89.38,94.90,100.99,101.30,100.33,100.88,101.20,107.54,101.79,102.93,102.03
"4603  tomträttsavgäld",100.40,101.30,102.06,103.69,99.68,101.15,102.66,101.06,99.94,99.86,99.92,100.84,101.80,101.93,101.81
"4605  reparationer, varor",105.32,104.24,105.51,107.03,103.15,103.21,101.53,103.16,101.97,103.52,101.15,101.02,101.23,101.86,102.92
"4606  försäkringsavgifter",102.95,105.38,104.35,99.90,105.35,108.32,106.34,107.25,104.40,105.41,103.39,102.83,103.12,103.41,102.79
"4609  kommunal fastighetsavgift",101.63,90.94,100.12,72.84,114.51,99.42,101.42,106.22,102.54,100.27,101.35,101.40,102.90,106.52,101.68
"4701  fjärrvärme, egnahem",..,..,..,113.20,104.26,102.65,104.93,105.40,100.31,100.57,100.50,102.50,100.12,100.43,101.76
"4702  eldningsolja, egnahem",121.87,103.73,103.10,123.26,84.16,114.13,112.78,105.12,96.36,98.70,90.90,92.44,108.64,113.85,102.65
"4703  elström, egnahem",98.32,114.63,99.35,111.94,100.98,104.40,101.57,93.51,99.57,96.29,95.63,103.24,105.03,112.83,103.40
"4704  pellets",..,..,..,111.58,109.46,104.40,95.29,95.06,100.65,100.33,98.34,99.21,99.09,106.41,115.01
"4801  räntekostnader, bostadsrätt",..,..,..,..,..,..,..,..,..,..,..,99.11,109.11,105.11,109.07
"4802  inre reparationer, bostadsrätt",..,..,..,..,..,..,..,..,..,..,..,104.62,101.15,102.04,101.39
"4803  månadsavgift, bostadsrätt",..,..,..,..,..,..,..,..,..,..,..,100.86,100.65,100.85,100.77
"5101  matbord",98.66,96.38,100.36,103.98,105.57,100.28,98.08,99.55,101.75,97.02,101.98,102.77,97.99,101.16,103.39
"5102  stol ostoppad sits",100.12,98.14,102.99,101.02,101.96,101.24,96.94,97.67,97.69,99.50,98.94,103.79,99.41,98.49,102.53
"5103  stol stoppad sits",99.32,97.35,102.34,100.56,104.88,96.67,93.53,95.89,97.93,102.06,100.99,98.13,102.14,103.46,104.07
"5107  säng",103.39,100.60,100.87,102.88,101.36,98.35,98.02,97.96,98.31,101.80,99.23,102.40,100.33,100.81,102.89
"5111  taklampa",96.09,100.33,102.29,102.99,100.73,100.69,100.42,101.23,95.64,97.29,102.53,98.01,95.12,102.19,101.36
"5114  fåtölj",95.48,94.84,101.25,103.45,105.04,99.63,98.21,98.98,99.38,98.48,99.63,102.72,101.45,96.31,103.26
"5133  soffa",96.32,96.74,98.30,102.63,100.77,95.59,96.35,96.36,99.43,101.20,102.13,98.84,99.44,101.48,102.04
"5134  hyllor och skåp",100.41,99.35,99.87,99.88,100.24,98.33,96.13,99.37,102.41,96.85,100.74,102.58,99.35,98.17,100.76
"5135  matta",100.56,94.19,94.25,103.31,98.72,97.93,93.54,98.90,91.06,99.62,101.02,100.19,100.31,103.50,98.45
"5201  madrass",101.18,102.94,99.46,99.95,104.17,94.95,95.79,96.29,102.22,104.92,93.15,100.96,98.63,101.74,103.38
"5203  handduk",99.42,99.12,99.91,91.81,98.77,95.95,100.78,100.16,97.99,96.33,104.13,103.81,93.43,102.35,96.94
"5204  påslakanset",89.09,95.03,98.58,96.53,94.29,101.22,105.18,99.48,88.28,94.38,96.14,105.29,97.20,104.89,101.91
"5205  gardin och gardintyg",94.20,91.39,99.59,88.95,97.23,99.40,93.89,96.02,88.99,97.47,101.21,103.13,99.23,100.09,95.40
"5212  täcke",105.02,94.99,95.99,105.18,101.98,98.49,104.12,106.42,97.18,100.37,103.86,111.20,98.88,106.16,97.06
"5213  spegel",99.09,97.83,104.33,98.95,99.04,98.20,98.75,102.97,99.17,96.55,96.47,100.73,103.23,101.59,101.00
"5301  tvättmaskin",101.31,99.06,98.52,96.89,105.75,100.34,92.18,94.59,96.19,92.86,92.27,93.88,99.77,104.78,101.18
"5302  diskmaskin",96.04,96.89,100.48,96.52,107.33,100.70,83.86,97.08,94.21,99.87,96.53,97.21,101.64,95.95,103.37
"5304  dammsugare",95.72,97.52,99.23,100.31,97.22,104.18,98.01,98.09,99.52,95.56,94.97,89.93,99.04,98.97,102.86
"5312  kyl- och svalskåp",101.82,102.86,99.62,99.36,102.07,100.23,90.70,93.58,100.20,93.82,97.33,98.75,97.12,101.00,101.90
"5313  mikrovågsugn",89.55,84.63,107.71,98.44,97.40,97.50,107.45,101.28,99.32,100.34,99.15,98.07,105.27,104.13,102.60
"5314  kaffebryggare",98.49,97.47,104.59,105.07,99.06,102.21,93.91,98.85,94.21,96.11,98.45,93.39,98.54,94.83,106.27
"5315  vattenkokare",95.74,100.38,102.34,95.63,100.21,105.33,99.63,99.95,94.34,93.50,97.31,95.31,94.37,98.74,103.08
"5403  tallrik",97.73,98.69,101.17,100.38,104.83,98.73,98.20,98.64,106.07,102.62,100.65,101.99,97.30,101.29,97.28
"5404  kaffekopp",95.43,94.25,102.43,105.13,92.56,95.10,96.70,93.34,99.08,99.61,96.03,102.74,98.98,101.52,101.06
"5405  dricksglas",109.48,102.74,107.28,107.07,102.54,107.02,99.81,91.56,91.68,102.97,97.03,101.02,96.22,98.66,96.56
"5407  bordskniv",102.06,92.21,104.26,103.14,100.33,101.77,91.70,95.73,93.18,98.98,107.42,97.45,103.55,100.20,103.18
"5408  kastrull",104.37,99.82,105.07,98.70,104.94,94.30,107.57,97.07,95.95,100.25,99.79,102.26,102.16,102.67,106.72
"5410  hammare",99.94,97.93,100.99,106.00,103.49,97.26,101.44,98.80,102.27,98.51,96.46,98.45,97.50,101.04,101.66
"5413  trädgårdsspade",98.51,95.38,105.18,106.97,103.66,100.40,107.28,99.10,95.91,98.92,100.63,104.58,102.01,106.42,109.96
"5414  glödlampa, batteri, proppar",99.80,100.78,101.79,101.82,102.97,107.29,104.62,100.13,97.67,99.27,97.83,99.07,96.49,98.32,98.64
"5416  kökskniv",101.72,96.54,100.70,102.35,110.30,98.81,102.06,103.46,96.09,102.71,103.50,101.80,100.60,101.96,101.39
"5426  gräsklippare",94.54,96.11,103.87,105.39,104.40,103.48,103.29,101.91,100.47,99.81,94.61,88.03,97.13,91.89,94.06
"5513  hushållspapper",95.79,99.15,101.67,104.30,107.23,102.48,99.90,100.16,99.51,99.10,100.25,101.40,100.80,100.97,106.81
"5518  hushållsvåg",101.74,97.76,100.99,90.35,88.78,97.52,101.06,100.71,86.46,90.71,100.01,96.42,99.01,111.11,97.68
"5524  tvättmedel",97.86,99.20,100.82,104.32,103.11,98.11,100.66,100.80,95.13,100.09,101.29,101.28,102.38,97.54,103.33
"5525  diskmedel",98.90,97.15,100.91,100.07,113.01,105.76,102.94,99.70,99.41,100.58,100.76,100.03,99.05,100.99,96.75
"5526  rengöringsmedel m.m.",96.59,96.54,100.49,100.97,100.30,101.93,100.81,99.32,99.41,100.50,100.10,103.59,101.23,98.23,100.99
"5527  redskap för rengöring",95.73,96.61,99.83,101.28,106.20,104.69,105.08,101.92,99.20,99.65,100.05,101.65,100.62,98.71,101.03
"5528  andra förbrukningsvaror",100.98,99.62,102.13,106.23,103.74,102.76,99.76,101.33,101.59,97.03,101.07,101.78,99.55,101.16,105.29
"5530  plastburk",101.56,100.57,103.08,102.42,104.55,101.89,101.80,105.40,100.13,98.39,99.36,102.39,98.38,95.60,94.69
"5531  salladsskål",93.53,94.62,102.29,110.91,104.22,91.80,100.89,97.38,94.18,96.30,105.48,107.84,102.05,101.28,99.78
"5532  städning",105.18,104.41,78.64,70.07,103.74,103.67,106.25,100.72,100.35,98.22,103.05,101.68,101.98,100.50,103.15
"5533  övriga hushållsnära tjänster",..,..,..,..,..,..,..,..,..,..,..,101.68,100.67,100.89,99.82
"6102  cykel",91.75,102.65,98.83,97.75,101.11,101.70,97.31,98.48,99.28,100.42,102.10,99.09,99.13,100.81,99.72
"6103  motorcykel",99.46,98.75,99.74,99.76,103.01,101.86,97.30,97.22,98.51,100.30,101.81,99.00,99.03,100.75,102.32
"6104  husvagn",100.78,105.41,102.87,103.73,107.83,103.46,100.92,100.02,95.57,101.59,100.22,99.10,104.33,102.57,103.11
"6105  nya bilar",100.86,100.76,99.57,98.84,102.54,101.66,99.79,99.32,99.81,99.08,100.19,101.03,101.22,101.25,101.97
"6106  privatleasing av bilar",..,..,..,..,..,..,..,..,..,..,..,101.03,102.33,102.38,105.38
"6111  begagnade bilar",95.99,98.42,100.02,97.00,99.33,107.62,96.44,95.67,99.66,100.19,102.51,101.31,95.76,95.70,104.87
"6112  husbil",..,..,..,103.98,114.19,101.02,98.08,100.44,96.98,103.74,101.15,97.93,102.11,98.30,97.67
"6201  timpris, bilreparationer",105.38,103.36,105.46,104.47,104.90,103.63,102.68,98.90,102.09,102.42,104.27,101.13,103.16,101.50,105.30
"6202  byte av avgassystem",99.18,102.54,103.90,101.75,104.46,99.53,100.94,101.86,102.50,101.71,100.64,99.16,99.86,94.86,103.73
"6204  byte av bromsdelar",105.39,103.40,104.33,102.86,106.22,104.05,100.42,101.62,98.07,99.38,101.02,100.21,102.18,100.17,102.57
"6207  bilreservdelar",99.88,101.85,103.02,102.53,104.14,99.43,101.41,102.10,102.52,99.99,99.86,99.42,101.51,95.27,102.04
"6208  underhållsservice",104.45,101.92,103.52,104.14,105.20,101.14,102.90,97.17,98.46,100.52,101.46,101.23,101.74,101.68,105.49
"6209  bildäck",105.46,98.44,99.94,99.70,101.91,100.42,99.85,101.57,97.11,99.99,101.58,101.14,99.70,100.82,100.49
"6210  kontrollbesiktning",100.00,100.00,100.00,100.00,100.00,100.00,100.00,105.49,102.23,104.72,104.21,108.86,108.42,103.83,106.29
"6211  körskoleutbildning",102.53,104.36,102.27,103.42,103.19,105.10,103.07,103.59,103.26,98.85,101.50,98.57,101.69,101.38,102.64
"6212  garagekostnad",101.61,101.38,101.31,104.26,103.06,101.01,101.80,102.17,102.40,102.86,102.40,101.82,101.44,102.43,103.50
"6214  dieselolja",121.64,104.75,97.18,121.92,87.28,108.40,113.70,105.10,97.57,97.97,91.39,98.04,108.89,112.00,103.55
"6216  bilförsäkring",105.64,104.10,111.39,103.76,101.84,98.86,98.94,101.13,100.22,100.79,101.88,99.64,100.32,100.11,98.61
"6217  parkeringsavgifter",103.37,102.21,101.63,103.30,104.01,104.85,102.66,103.48,105.30,101.92,100.96,101.60,105.33,104.29,101.58
"6218  biltillbehör",101.04,102.76,102.92,100.17,101.40,101.94,101.29,101.56,101.41,102.69,104.16,102.77,105.58,102.81,102.60
"6219  biltvätt",103.55,103.59,102.71,102.58,103.04,101.14,101.38,100.92,101.80,102.01,100.00,100.88,100.42,101.31,101.43
"6220  bensin 98/99 oktan",109.89,103.13,101.74,108.21,96.54,107.68,108.23,106.74,96.83,98.76,94.38,99.35,106.88,109.04,102.97
"6221  bensin 95 oktan",109.82,102.47,101.83,108.05,95.97,107.78,108.64,106.42,96.70,98.59,93.42,98.44,107.48,108.82,102.31
"6222  biluthyrning",102.05,99.05,105.33,101.63,95.20,106.46,103.87,98.45,90.11,95.12,110.29,98.40,108.68,100.45,115.12
"6224  broavgifter m.m.",103.71,212.00,73.09,142.68,101.83,100.45,97.70,100.79,158.11,100.78,104.67,127.69,100.98,101.58,101.45
"6225  e 85",..,..,90.30,106.26,109.79,98.64,104.79,103.75,97.71,94.50,109.09,105.01,103.69,94.43,114.66
"6226  byte av styrled",..,..,..,101.35,103.74,102.18,102.08,100.87,99.65,100.29,100.37,100.95,102.53,104.78,106.05
"6303  järnvägsresor",102.37,99.88,94.40,98.03,104.63,104.67,102.29,101.62,105.79,96.82,96.29,106.30,107.85,98.20,106.20
"6304  taxi",103.28,103.86,102.65,105.75,102.69,101.10,104.17,103.94,100.41,100.12,101.57,105.25,102.18,100.55,101.20
"6305  inrikes flygresor",112.35,104.86,103.21,109.23,107.22,99.63,103.48,105.52,89.14,108.51,91.23,91.26,102.49,101.58,106.74
"6307  flyttning",104.89,103.34,103.92,107.77,96.65,103.44,104.66,103.09,100.06,99.72,98.66,82.78,72.86,99.42,105.51
"6308  lokaltrafik",103.17,99.31,103.80,108.81,105.53,101.13,102.71,107.75,102.36,102.98,102.03,102.56,107.50,103.30,104.02
"6309  flygcharter",96.48,101.83,103.27,97.92,110.31,105.17,95.72,101.89,101.22,98.08,100.98,101.25,106.44,103.67,99.93
"6310  båtresor, in- och utrikes",100.36,105.23,102.00,105.44,101.82,99.44,99.66,100.54,96.75,92.06,105.89,95.34,94.60,105.61,107.01
"6311  utrikes flygresor",98.17,101.63,107.17,105.02,104.77,100.35,92.44,102.84,90.15,95.88,109.53,94.78,98.43,103.20,97.78
"6312  långfärdsbuss",104.77,104.91,102.01,99.92,88.65,103.65,116.95,98.31,101.81,96.98,107.16,91.40,86.57,88.45,103.83
"6403  brev och paket",102.61,101.04,101.78,103.05,106.80,100.19,100.91,100.80,102.15,103.06,103.30,94.54,99.32,103.75,98.97
"6409  mobiltelefoni",..,..,..,..,..,..,..,..,..,99.48,94.79,94.73,99.05,97.49,95.51
"6410  utrustning, bordstelefon",..,..,..,..,..,..,..,..,..,96.81,99.68,96.61,99.59,102.13,104.10
"6411  fasta nättjänster",..,..,..,..,..,..,..,..,..,101.54,100.93,103.18,98.83,104.18,102.71
"6416  utrustning, mobiltelefon",..,..,..,..,..,..,..,..,..,81.50,84.81,80.05,86.52,88.36,81.25
"7108  högtalare",89.44,88.21,92.39,95.47,89.03,90.67,89.25,93.18,93.59,86.12,93.46,98.94,102.42,108.88,99.83
"7111  videokamera",79.26,79.66,79.42,82.04,90.24,94.87,87.52,82.34,88.27,89.40,92.49,92.92,90.58,94.21,97.78
"7112  tv",79.02,81.75,82.08,74.51,76.74,77.08,78.72,80.42,81.49,84.72,90.26,87.20,96.01,96.84,94.56
"7115  dvd-spelare",84.52,78.45,89.44,89.53,89.11,87.92,84.79,88.34,95.07,91.80,99.42,95.98,95.37,111.86,106.03
"7117  hemmabiopaket",84.37,84.29,95.66,93.33,81.17,87.75,99.44,92.10,83.30,86.07,92.89,97.11,95.73,95.03,99.82
"7119  spelkonsol",..,..,..,..,..,87.92,84.61,84.98,91.15,94.30,97.01,93.70,84.77,105.11,100.67
"7120  hörlurar/headset",..,..,..,..,..,..,..,..,..,..,..,..,..,..,92.61
"7206  digitalkamera",76.10,75.05,76.82,83.68,88.33,82.04,78.22,82.81,87.93,88.50,96.42,98.54,104.32,100.67,99.24
"7304  inspelad musik",98.38,101.04,99.16,98.50,99.40,97.70,101.75,100.93,101.14,99.81,100.48,99.00,99.01,94.81,93.61
"7305  musikinstrument",91.12,96.85,101.03,98.26,106.90,98.87,97.27,99.13,97.78,95.18,103.70,100.65,101.78,100.68,105.88
"7307  dvd-film",86.36,101.69,95.74,100.26,98.19,100.24,99.28,93.44,97.38,99.24,100.47,97.22,113.67,98.59,82.69
"7414  frö/lök",101.05,100.82,100.65,101.45,103.83,104.15,110.87,104.53,106.07,99.87,103.56,97.92,98.49,97.62,99.17
"7415  blommor/växter",104.22,103.31,102.08,107.53,105.86,99.36,102.50,102.85,102.87,104.55,102.40,105.59,102.80,104.01,105.32
"7506  skidutrustning",94.56,91.64,102.63,94.77,91.91,110.46,105.29,95.16,96.96,99.66,98.74,105.47,100.86,110.22,104.35
"7512  sportartiklar",95.70,96.84,86.21,91.43,91.08,97.94,93.05,93.87,88.83,92.01,92.90,98.21,89.26,94.85,98.93
"7513  friluftsartiklar",99.75,97.64,97.32,96.27,97.22,96.45,103.25,101.81,103.48,97.24,92.30,98.67,100.71,93.68,94.86
"7601  leksaker",96.35,95.16,101.92,104.49,104.21,106.49,102.45,100.09,100.65,98.38,100.33,103.52,101.10,100.39,100.68
"7607 TV- och datorspel",105.15,87.78,100.53,98.75,98.88,90.36,93.26,100.86,104.86,107.17,99.80,99.69,100.06,98.98,96.06
"7705  utombordsmotor",100.93,100.27,100.63,99.50,100.56,102.77,105.35,98.07,95.31,96.60,95.79,98.11,101.70,102.31,102.01
"7706  fritidsbåt",102.57,102.67,100.51,101.90,104.43,107.05,103.60,98.99,99.36,101.19,102.61,102.69,102.79,102.21,103.83
"7707  reparation/underhåll av båt",104.09,104.92,104.10,108.70,105.59,102.01,100.88,101.05,102.85,100.98,101.71,102.19,101.67,100.40,101.67
"7709  borrmaskin",97.14,97.42,100.03,101.27,100.85,98.24,100.08,100.22,98.16,98.72,100.19,99.74,97.71,98.87,103.85
"7711  djurmat",98.50,99.98,100.66,103.36,106.72,101.24,100.50,102.82,101.36,99.85,99.87,99.68,99.90,100.90,102.97
"7713  datorer",75.88,83.01,75.76,73.05,84.06,82.34,80.69,85.17,86.59,89.16,92.67,91.52,94.98,95.05,91.85
"7715  blomjord",99.71,100.32,102.99,102.74,109.09,102.78,103.63,100.04,99.76,98.14,102.49,102.32,105.27,98.73,101.58
"7716  växtnäring",93.49,95.54,102.68,114.29,103.85,103.91,101.28,105.70,105.44,98.48,96.86,100.56,101.87,103.43,100.34
"7719  datortillbehör",77.26,86.38,84.38,82.69,88.94,91.77,85.78,85.62,90.39,95.49,102.38,96.72,100.00,97.47,93.46
"7720  vaccination av hund",101.24,105.06,100.79,101.43,98.59,100.70,100.71,100.62,101.72,101.69,101.00,103.15,98.26,99.04,104.33
"7721  blomkruka",102.34,103.83,102.97,102.57,107.34,104.08,108.24,105.15,102.92,100.61,105.20,101.42,100.19,99.35,103.70
"7722  läkemedel för sällskapsdjur",101.06,101.45,102.74,101.71,103.29,101.53,102.00,102.56,101.99,101.28,100.51,101.38,100.25,101.10,101.64
"7723  husdjur",100.08,103.69,104.43,104.05,104.21,103.83,103.84,100.90,113.33,108.89,104.26,105.57,109.47,100.56,105.89
"7801  framkallning",102.12,106.67,105.05,104.66,99.47,101.33,100.88,104.35,105.62,102.32,105.91,105.60,99.31,96.65,103.48
"7802  biljett, idrottstävlingar",100.68,100.95,103.30,102.57,101.46,103.35,102.50,102.40,101.08,100.74,100.13,102.73,101.10,101.36,98.09
"7803  biobiljett",99.54,100.99,102.57,101.23,106.79,105.62,109.39,102.38,103.82,103.73,101.14,102.66,103.93,104.41,103.19
"7804  teaterbiljett",102.67,101.45,100.33,104.08,104.22,101.54,102.93,103.77,105.21,108.48,104.50,100.87,100.66,104.93,101.44
"7805  inträdesbiljett, nöjen",109.70,102.02,108.87,104.63,106.52,105.55,105.19,103.16,104.08,103.29,98.68,100.36,106.48,105.14,102.67
"7808  lotteri, tips, toto",100.43,101.46,102.62,104.37,103.43,101.44,102.75,101.33,99.75,99.31,99.97,100.97,101.83,100.75,101.39
"7809  hyra av film",102.71,89.84,98.26,102.49,100.00,100.61,103.58,94.84,98.96,106.56,101.96,99.91,100.09,100.00,100.00
"7810  tv-, film- och musiktjänster",104.25,102.18,97.32,101.07,101.76,103.32,106.75,102.47,87.32,99.28,99.83,102.35,94.09,98.94,98.15
"7811  motionsutövning",102.53,102.10,103.10,103.23,104.53,102.67,102.74,102.64,101.83,101.98,101.87,102.51,102.24,101.57,101.44
"7812  hyra sommarplats för båt",104.48,109.50,103.45,105.53,105.41,106.88,102.70,103.48,102.64,100.62,102.52,102.65,103.47,104.60,104.02
"7814  museer",75.56,103.51,141.10,102.68,106.12,93.95,104.38,108.82,104.99,103.75,106.54,90.10,101.94,103.68,108.22
"7901  dagstidningar, lösnummer",100.03,105.37,108.21,104.14,102.80,108.46,109.08,106.13,112.81,112.68,109.95,112.21,112.72,102.68,109.90
"7902  dagstidningar, prenumeration",102.67,103.21,102.78,103.18,104.01,105.93,104.32,104.37,105.40,105.81,106.81,108.84,108.48,111.08,110.31
"7903  populärtidskrift, lösnummer",102.12,102.20,103.32,102.85,106.94,103.33,100.22,101.46,99.69,102.32,101.56,102.74,103.44,105.85,106.90
"7904  populärtidskrift, prenumeration",103.39,102.77,102.83,101.63,102.94,102.12,99.92,100.18,99.73,101.85,102.22,102.08,104.20,94.47,102.91
"7905  böcker",102.14,101.35,101.49,99.82,108.44,98.59,98.32,100.89,104.55,102.12,96.12,102.67,104.90,101.47,99.50
"7906  gratulationskort",101.20,100.73,100.60,101.89,108.41,104.99,101.66,100.70,99.70,100.93,99.60,99.34,100.80,100.15,100.01
"9103  läkemedel",99.20,100.81,100.21,100.07,100.28,101.04,100.20,97.99,97.97,98.73,98.23,93.91,98.86,99.60,100.17
"9105  läkarvård",102.82,99.43,100.42,101.07,105.62,105.30,100.85,108.81,102.42,100.66,100.80,103.09,102.40,100.59,100.82
"9106  tandläkararvode",104.20,103.14,105.79,96.47,96.68,105.39,102.59,102.26,104.48,102.07,101.36,103.55,101.16,97.07,100.79
"9111  sjukvårdsartiklar",101.10,100.24,98.71,100.31,103.26,101.86,100.87,101.11,102.34,101.20,101.23,100.20,100.12,100.57,99.86
"9114  glasögon",99.92,97.66,101.89,101.85,102.31,101.02,98.75,98.60,103.68,103.30,100.75,97.29,100.36,103.87,106.47
"9115  kontaktlinser",99.41,95.71,98.48,100.90,96.22,99.11,101.85,96.61,98.15,94.29,99.33,100.38,99.96,98.71,103.37
"9117  naturläkemedel och vitaminer",100.65,100.19,100.61,104.89,101.86,102.13,99.51,102.85,99.97,99.63,100.39,100.34,99.56,100.77,99.92
"9205  tvål",98.89,95.90,101.27,101.96,104.49,100.89,98.39,100.37,97.73,95.40,100.18,98.23,99.88,101.33,100.39
"9208  schampo",97.43,100.90,100.53,101.10,102.70,100.77,100.03,100.13,98.28,101.39,98.90,100.51,102.49,98.60,98.73
"9215  hårfärgning",103.84,104.09,102.48,104.42,102.74,103.89,104.59,102.90,102.37,103.76,102.00,101.88,102.71,104.16,105.34
"9216  rakapparat",100.60,97.76,96.32,95.31,101.44,98.11,89.79,101.30,97.63,96.45,92.29,95.08,104.94,98.78,98.61
"9219  blöjor",93.18,98.06,96.28,100.55,101.14,100.49,95.94,98.46,101.86,101.84,97.76,99.25,98.38,99.38,102.61
"9220  varaktiga toalettartiklar",97.52,95.80,99.41,93.44,100.99,102.20,101.74,100.17,102.84,96.92,99.41,102.26,98.37,104.46,98.85
"9222  deodorant, hudcreme m.m.",97.70,96.98,99.54,102.37,103.76,100.29,97.93,99.12,98.09,98.32,99.20,101.47,103.09,98.85,99.96
"9223  andra ej varaktiga toalettartiklar",99.99,101.38,99.44,108.43,104.14,103.74,104.96,99.31,101.61,100.40,96.97,99.90,100.14,102.00,101.80
"9224  toalettpapper m.m.",97.62,98.75,102.26,103.85,101.55,99.27,100.12,99.92,99.95,98.36,101.13,100.59,99.98,100.11,105.36
"9225  kosmetika",105.44,99.14,105.39,104.78,101.64,103.43,97.26,101.06,101.01,99.17,100.94,102.43,98.85,102.72,102.29
"9226  hårklippning",..,103.81,102.28,104.50,101.07,102.73,104.85,104.48,102.20,102.82,103.19,104.02,102.63,103.26,104.53
"9303  ur",100.44,98.04,99.28,101.29,104.74,104.32,98.71,98.90,96.41,98.63,102.29,103.81,101.25,106.72,103.35
"9305  smycke",103.59,118.82,108.49,107.90,119.16,117.19,114.08,110.11,97.29,91.80,103.49,100.51,104.58,98.65,104.15
"9306  barnvagn",101.09,95.43,95.55,99.06,100.86,101.35,102.20,100.79,100.26,100.43,100.16,105.72,92.83,92.80,110.16
"9313  kontorsmaterial",101.08,98.38,99.98,106.12,98.65,94.93,100.94,103.37,103.42,99.24,101.11,101.50,98.13,102.37,96.81
"9318  väska",93.96,102.30,96.93,98.70,96.21,98.76,100.86,97.35,100.62,103.31,101.77,99.37,101.81,98.77,100.21
"9320  bilbarnstol",101.29,101.32,102.65,100.28,100.97,105.25,104.64,101.70,92.10,106.97,102.00,101.54,96.67,94.16,98.42
"9401  rödvin",101.94,102.85,104.60,104.44,104.78,104.27,103.13,102.43,101.95,101.60,103.84,103.07,103.89,104.97,105.03
"9403  öl, > 4,5 %",101.36,102.30,102.53,102.13,102.87,103.53,101.98,101.36,101.52,101.22,102.42,101.07,102.74,103.20,101.30
"9405  spritdrycker",102.30,102.45,101.20,104.14,103.40,103.61,102.12,101.77,101.68,101.82,102.50,102.13,101.45,102.38,102.63
"9406  öl, 3,6-4,5 %",102.78,103.50,101.70,110.18,104.51,105.84,102.15,101.66,102.00,101.49,103.13,103.41,102.95,102.09,103.33
"9502  läskedryck, restaurang",100.39,102.38,103.67,104.77,98.67,102.58,101.75,100.55,103.18,100.54,104.22,101.74,102.62,101.88,102.10
"9509  middag",100.83,102.13,102.95,106.61,102.51,102.54,103.27,98.32,100.70,100.83,103.04,101.67,104.01,102.83,103.62
"9519  dagens lunch, restaurang",102.70,102.88,102.19,105.97,103.43,103.42,102.81,100.00,101.82,100.97,102.67,102.54,102.89,102.79,102.60
"9520  lunch à la carte",103.28,102.32,103.46,107.40,104.10,99.97,101.83,99.32,102.79,101.14,103.61,101.18,100.87,102.97,101.64
"9521  en kopp kaffe",104.48,104.31,102.75,104.31,100.69,104.30,106.32,102.60,101.59,102.84,103.43,100.89,104.36,103.77,103.46
"9552  pizza",101.01,102.83,104.48,106.23,101.22,103.10,105.40,103.87,99.90,100.68,102.40,105.31,106.54,103.21,102.67
"9554  snabbmat",101.72,102.40,104.22,109.49,104.95,103.20,103.79,97.94,102.76,103.14,102.78,103.00,106.34,103.57,103.50
"9555  kaffebröd",103.99,104.36,103.88,105.94,104.56,104.02,101.68,100.30,101.67,102.50,101.31,102.65,103.51,101.84,102.43
"9559  dagens lunch, personalmatsal",103.29,103.94,102.37,105.09,106.92,103.84,102.33,99.75,103.12,103.96,103.37,100.92,102.60,102.00,103.77
"9603  stugbyvistelse",99.53,100.79,103.68,104.83,104.43,100.29,101.47,102.62,101.24,100.97,101.62,102.04,102.20,103.73,104.99
"9604  hotellrum vardag",98.91,99.44,103.78,103.57,100.24,101.76,102.96,99.12,97.51,97.78,99.63,101.11,104.41,100.40,97.28
"9605  hotellrum veckoslut",103.84,103.29,104.08,103.68,100.60,104.25,100.48,102.00,106.58,97.91,101.05,102.41,107.99,105.21,100.84
"9606  camping",103.46,101.53,105.84,105.89,103.89,104.01,104.48,103.54,104.15,103.48,103.64,102.58,102.03,103.91,103.06
"9701  begravningskostnad",102.44,103.82,102.15,104.40,106.26,101.92,100.81,107.00,101.72,102.37,102.41,102.34,101.98,102.07,102.98
"9702  passavgift",139.23,164.95,100.00,100.00,100.00,100.00,100.00,87.50,100.00,100.00,100.00,104.79,101.52,100.00,100.00
"9703  juristarvode",100.80,102.06,102.64,102.35,102.15,102.75,102.82,103.29,103.09,102.74,102.04,101.61,101.44,101.27,101.55
"9704  annonskostnad",92.44,101.09,107.14,102.47,100.55,103.34,105.46,124.93,106.59,100.11,102.60,103.13,100.21,100.48,103.07
"9705  fastighetsmäklartjänster",..,..,..,..,..,..,..,..,..,..,..,101.61,101.48,97.74,101.75
"9801  hemförsäkring",102.93,100.38,99.19,101.22,103.14,103.21,101.95,103.67,100.92,107.49,104.49,102.58,102.04,104.77,102.90
"9802  banktjänster",103.17,101.30,100.76,99.11,100.00,101.07,100.40,104.65,101.87,100.00,100.00,107.16,110.51,105.29,100.00
"9803  privat utbildning",..,105.00,105.65,103.77,104.11,104.13,103.94,103.23,102.22,104.52,103.44,99.94,102.88,105.11,101.83
"9804  sjuk- och olycksfallsförsäkring",104.76,107.10,104.69,101.10,100.06,101.51,99.89,99.29,103.85,103.44,103.26,101.93,101.16,101.32,101.61
"9805  barnomsorg",..,102.56,102.18,102.90,102.02,101.29,101.89,101.20,101.86,101.48,100.64,101.02,104.02,102.59,103.59
"9806  fritidsavgift",..,102.56,102.18,102.90,102.02,101.29,101.89,101.20,101.86,101.48,100.64,101.02,104.02,102.59,103.59
"9807  äldreomsorg",..,..,..,..,..,..,..,..,..,..,..,99.68,111.85,103.68,102.06
